<?xml version="1.0" encoding="UTF-8"?>
<!DOCTYPE hibernate-configuration PUBLIC
"-//hibernate/hibernateconfigurationdtd3.0//en"
"http://hibernate.sourceforge.net/hibernate-configuration-3.0.dtd">
<hibernate-configuration>
<session-factory>
<property name="dialect">org.hibernate.dialect.MySQLDialect</property>
  <property name="connection.url">jdbc:mysql://localhost:3306/mphasis245</property>
  <property name="connection.username">root</property>
  <property name="connection.password">1234</property>
  <property name="connection.driver_class">com.mysql.jdbc.Driver</property>
<property name="hibernate.hbm2ddl.auto">create</property>
<property name="show_sql">true</property>
<mapping class="DTO.DTODemo"></mapping>
</session-factory>
</hibernate-configuration>
